id	title	url
57	"192.168.1.1:8000 webman/index.cgi"	"http://192.168.1.1:8000/webman/index.cgi"
58	"Ukijumotahaneniarukenia.site"	"https://ukijumotahaneniarukenia.site/"
26	"Spring.io guides"	"https://spring.io/guides"
30	"Ezoeryou.github.io cpp-intro/"	"https://ezoeryou.github.io/cpp-intro/"
35	"Sqlite index.html"	"https://www.sqlite.org/index.html"
36	"Gnu software"	"http://www.gnu.org/software/software.html"
39	"Egison ja/concept.html"	"https://www.egison.org/ja/concept.html"
40	"Dev.mysql doc/"	"https://dev.mysql.com/doc/"
41	"Home.unicode"	"https://home.unicode.org/"
44	"Typescriptlang docs/home.html"	"https://www.typescriptlang.org/docs/home.html"
46	"Userguide.icu-project strings/properties"	"http://userguide.icu-project.org/strings/properties"
49	"Db.rstudio"	"https://db.rstudio.com/"
75	"Effectiveperlprogramming"	"https://www.effectiveperlprogramming.com/"
76	"Nim-lang docs/lib.html"	"https://nim-lang.org/docs/lib.html"
77	"Golang doc/"	"https://golang.org/doc/"
78	"Docs.ruby-lang ja/2.7.0/doc/index.html"	"https://docs.ruby-lang.org/ja/2.7.0/doc/index.html"
79	"Stedolan.github.io jq/manual/v1.6/"	"https://stedolan.github.io/jq/manual/v1.6/"
86	"Developer.mozilla ja/"	"https://developer.mozilla.org/ja/"
94	"Sass-lang"	"https://sass-lang.com"
113	"Supervisord"	"http://supervisord.org/"
125	"Newtonsoft json"	"https://www.newtonsoft.com/json"
130	"Nuget packages/"	"https://www.nuget.org/packages/"
131	"Redis.io"	"https://redis.io/"
150	"Sed.sourceforge"	"http://sed.sourceforge.net/"
151	"Docs.microsoft ja-jp/dotnet/csharp/"	"https://docs.microsoft.com/ja-jp/dotnet/csharp/"
156	"Swift documentation/"	"https://swift.org/documentation/"
157	"Developer.apple search/"	"https://developer.apple.com/search/"
158	"Kotlinlang docs/reference/"	"https://kotlinlang.org/docs/reference/"
159	"Scala-lang"	"https://www.scala-lang.org/"
166	"Mvnrepository"	"https://mvnrepository.com/"
167	"Userguide.icu-project"	"http://userguide.icu-project.org/"
169	"Metacpan"	"https://metacpan.org/"
170	"Api.jquery"	"https://api.jquery.com/"
171	"Docs.emmet.io"	"https://docs.emmet.io/"
173	"Docs.microsoft ja-jp/powershell/scripting/overview?view=powershell-7"	"https://docs.microsoft.com/ja-jp/powershell/scripting/overview?view=powershell-7"
176	"Fsharp"	"https://fsharp.org/"
177	"Docs.microsoft ja-jp/dotnet/fsharp/language-reference/"	"https://docs.microsoft.com/ja-jp/dotnet/fsharp/language-reference/"
178	"Ja.nuxtjs faq/appengine-deployment"	"https://ja.nuxtjs.org/faq/appengine-deployment"
179	"Tc39.es"	"https://tc39.es/"
180	"Lodash docs"	"https://lodash.com/docs"
181	"Electronjs docs/tutorial/installation"	"https://www.electronjs.org/docs/tutorial/installation"
182	"Iana"	"https://www.iana.org/"
184	"Closure-compiler.appspot home"	"https://closure-compiler.appspot.com/home"
186	"Git-scm book/ja/v2/Git-%E3%81%AE%E3%83%96%E3%83%A9%E3%83%B3%E3%83%81%E6%A9%9F%E8%83%BD-%E3%83%96%E3%83%A9%E3%83%B3%E3%83%81%E3%81%A8%E3%83%9E%E3%83%BC%E3%82%B8%E3%81%AE%E5%9F%BA%E6%9C%AC"	"https://git-scm.com/book/ja/v2/Git-%E3%81%AE%E3%83%96%E3%83%A9%E3%83%B3%E3%83%81%E6%A9%9F%E8%83%BD-%E3%83%96%E3%83%A9%E3%83%B3%E3%83%81%E3%81%A8%E3%83%9E%E3%83%BC%E3%82%B8%E3%81%AE%E5%9F%BA%E6%9C%AC"
192	"Firebaseopensource projects/sgarciac/fuego/"	"https://firebaseopensource.com/projects/sgarciac/fuego/"
193	"Developer.chrome extensions/tabs#method-query"	"https://developer.chrome.com/extensions/tabs#method-query"
34	"Jp.quora"	"https://jp.quora.com/"
196	"Dev.to"	"https://dev.to/"
199	"Pinterest.jp"	"https://www.pinterest.jp/"
4	"Twitter @P5mEm"	"https://twitter.com/"
22	"Usptomo.doorkeeper.jp"	"https://usptomo.doorkeeper.jp/"
59	"App.slack client/T0155H4AW82/C015J65GBB3"	"https://app.slack.com/client/T0155H4AW82/C015J65GBB3"
60	"App.slack client/T014YJKTV6Z/browse-people/user_profile/U015JNKA4V8"	"https://app.slack.com/client/T014YJKTV6Z/browse-people/user_profile/U015JNKA4V8"
200	"Twitter @nak516760947"	"https://twitter.com/home"
201	"Facebook"	"https://www.facebook.com/"
8	"Accounts.booth.pm orders/10974738"	"https://accounts.booth.pm/orders/10974738"
10	"Tatsu-zine my/"	"https://tatsu-zine.com/my/"
19	"Amazon.co.jp ?&tag=hydraamazonav-22&ref=nav_custrec_signin&adgrpid=57329728230&hvpone=&hvptwo=&hvadid=289259628212&hvpos=1t1&hvnetw=g&hvrand=17812140823590896195&hvqmt=e&hvdev=c&hvdvcmdl=&hvlocint=&hvlocphy=1009333&hvtargid=aud-759242200006:kwd-893523692&"	"https://www.amazon.co.jp/?&tag=hydraamazonav-22&ref=nav_custrec_signin&adgrpid=57329728230&hvpone=&hvptwo=&hvadid=289259628212&hvpos=1t1&hvnetw=g&hvrand=17812140823590896195&hvqmt=e&hvdev=c&hvdvcmdl=&hvlocint=&hvlocphy=1009333&hvtargid=aud-759242200006:kwd-893523692&hydadcr=27920_11415152&gclid=CjwKCAjwo9rtBRAdEiwA_WXcFgpDCM9f5OlcG774tGJb4jmaeUG1VhbUUXXC_QgmaNe-XvkgoyihYhoCGYwQAvD_BwE&"
97	"Paypal myaccount/summary"	"https://www.paypal.com/myaccount/summary"
14	"Feedly i/discover"	"https://feedly.com/i/discover"
56	"Getpocket a/queue/"	"https://getpocket.com/a/queue/"
187	"Zenn.dev nak5"	"https://zenn.dev/nak5"
6	"Kaggle nacky5"	"https://www.kaggle.com/nacky5"
16	"Signate.jp"	"https://signate.jp/"
204	"Featurestore"	"https://www.featurestore.org/"
5	"Youtube"	"https://www.youtube.com/"
7	"Pinterest.jp"	"https://www.pinterest.jp/"
80	"Vivaldi ja/"	"https://vivaldi.com/ja/"
81	"Opera ja"	"https://www.opera.com/ja"
85	"Mozilla ja/firefox/"	"https://www.mozilla.org/ja/firefox/"
89	"Seamonkey-project"	"http://www.seamonkey-project.org/"
91	"Brave ja/"	"https://brave.com/ja/"
99	"Music.youtube"	"https://music.youtube.com/"
134	"Linux.palemoon"	"https://linux.palemoon.org/"
137	"Iridiumbrowser.de"	"https://iridiumbrowser.de/"
138	"Torproject download/"	"https://www.torproject.org/download/"
139	"Waterfox"	"https://www.waterfox.net/"
140	"Epicbrowser"	"https://www.epicbrowser.com/"
141	"Browser.yandex"	"https://browser.yandex.com/"
142	"Srware iron/"	"https://www.srware.net/iron/"
143	"Otter-browser"	"https://otter-browser.org/"
144	"Ja.wikipedia wiki/I2P"	"https://ja.wikipedia.org/wiki/I2P"
145	"Freenetproject"	"https://freenetproject.org/"
146	"Geti2p en/"	"http://www.geti2p.org/en/"
50	"Unix.stackexchange"	"https://unix.stackexchange.com/"
61	"Api.stackexchange docs/questions"	"https://api.stackexchange.com/docs/questions"
71	"Serverfault"	"https://serverfault.com/"
72	"Meta.stackexchange"	"https://meta.stackexchange.com/"
73	"Superuser"	"https://superuser.com/"
92	"Packages.ubuntu ja/"	"https://packages.ubuntu.com/ja/"
93	"Ubuntuforums"	"https://ubuntuforums.org/"
104	"Dev.getsol.us"	"https://dev.getsol.us/"
105	"Ask.fedoraproject"	"https://ask.fedoraproject.org/"
107	"Forums.gentoo"	"https://forums.gentoo.org/"
21	"Rirekisho.yagish.jp format/rirekisho_job_change"	"https://rirekisho.yagish.jp/format/rirekisho_job_change"
38	"Jp.indeed"	"https://jp.indeed.com/"
43	"Green-japan"	"https://www.green-japan.com"
20	"Codepen.io ukijumotahaneniarukenia"	"https://codepen.io/ukijumotahaneniarukenia"
33	"Studio.azureml"	"https://studio.azureml.net/"
45	"Repl.it @mrchildrenkh100"	"https://repl.it/@mrchildrenkh100"
47	"Dashboard.heroku apps"	"https://dashboard.heroku.com/apps"
53	"Websh.jiro4989"	"https://websh.jiro4989.com/"
98	"Chrome-extension: /jpfpebmajhhopeonhlcgidhclcccjcik/options.html"	"chrome-extension://jpfpebmajhhopeonhlcgidhclcccjcik/options.html"
155	"Bintray"	"https://bintray.com/"
205	"Openbase.io"	"https://openbase.io/"
23	"Regexstorm tester"	"http://regexstorm.net/tester"
24	"Fontawesome kits/52ed9c14a0/use?welcome=yes"	"https://fontawesome.com/kits/52ed9c14a0/use?welcome=yes"
32	"Grantm.github.io perl-libxml-by-example/_static/xpath-sandbox/xpath-sandbox.html?q=/%2A"	"https://grantm.github.io/perl-libxml-by-example/_static/xpath-sandbox/xpath-sandbox.html?q=/%2A"
55	"Diffchecker diff"	"https://www.diffchecker.com/diff"
127	"Vector.co.jp soft/winnt/util/se437071.html"	"https://www.vector.co.jp/soft/winnt/util/se437071.html"
129	"Atmarkit.co.jp ait/articles/1509/02/news038.html"	"https://www.atmarkit.co.jp/ait/articles/1509/02/news038.html"
136	"Y2mate jp3"	"https://www.y2mate.com/jp3"
163	"Perforce products/helix-core-apps/merge-diff-tool-p4merge"	"https://www.perforce.com/products/helix-core-apps/merge-diff-tool-p4merge"
188	"Wireshark download.html"	"https://www.wireshark.org/download.html"
189	"Closure-compiler.appspot home"	"https://closure-compiler.appspot.com/home"
190	"Extendsclass xpath-tester.html"	"https://extendsclass.com/xpath-tester.html"
48	"Pngonly"	"https://www.pngonly.com"
65	"Research.google youtube8m/explore.html"	"https://research.google.com/youtube8m/explore.html"
66	"Storage.googleapis openimages/web/index.html"	"https://storage.googleapis.com/openimages/web/index.html"
67	"Github arXivTimes/arXivTimes/blob/master/datasets/README.md"	"https://github.com/arXivTimes/arXivTimes/blob/master/datasets/README.md"
203	"D3-graph-gallery"	"https://www.d3-graph-gallery.com/"
54	"App.snipcart dashboard"	"https://app.snipcart.com/dashboard"
63	"Github public-apis/public-apis"	"https://github.com/public-apis/public-apis"
64	"Api.rakuten collection/free-api"	"https://api.rakuten.net/collection/free-api"
68	"Qiita danishi/items/42d8adf6291515e62284"	"https://qiita.com/danishi/items/42d8adf6291515e62284"
69	"Qiita hamaup/items/cd7212aa1d0b1f0e37de"	"https://qiita.com/hamaup/items/cd7212aa1d0b1f0e37de"
109	"Developers.google youtube/v3/getting-started?hl=ja"	"https://developers.google.com/youtube/v3/getting-started?hl=ja"
1	"Github ukijumotahaneniarukenia"	"https://github.com/ukijumotahaneniarukenia"
11	"Gist.github"	"https://gist.github.com/"
164	"Git-scm book/ja/v2/Git-%E3%81%AE%E3%82%AB%E3%82%B9%E3%82%BF%E3%83%9E%E3%82%A4%E3%82%BA-Git-%E3%81%AE%E8%A8%AD%E5%AE%9A"	"https://git-scm.com/book/ja/v2/Git-%E3%81%AE%E3%82%AB%E3%82%B9%E3%82%BF%E3%83%9E%E3%82%A4%E3%82%BA-Git-%E3%81%AE%E8%A8%AD%E5%AE%9A"
25	"Vim-jp vimdoc-ja/usr_41.html"	"https://vim-jp.org/vimdoc-ja/usr_41.html"
70	"Code.visualstudio docs"	"https://code.visualstudio.com/docs"
154	"Jetbrains help/idea/invalidate-caches.html?q=invalidate&s=full"	"https://www.jetbrains.com/help/idea/invalidate-caches.html?s=full"
165	"Jetbrains idea/download/#section=linux"	"https://www.jetbrains.com/idea/download/#section=linux"
15	"Invisible-island"	"https://invisible-island.net/"
29	"Imagemagick Usage/basics/#example"	"https://imagemagick.org/Usage/basics/#example"
52	"Archive web/"	"https://archive.org/web/"
87	"Snapcraft.io blog"	"https://snapcraft.io/blog"
174	"Wwwputerperformance.co.uk"	"https://www.computerperformance.co.uk/"
175	"Codegrepper code-examples"	"https://www.codegrepper.com/code-examples"
17	"Trends.google.co.jp trends/explore"	"https://trends.google.co.jp/trends/explore"
18	"Google webhp?gl=us&hl=en&gws_rd=cr&pws=0"	"https://www.google.com/webhp?gl=us&hl=en&gws_rd=cr&pws=0"
51	"Linux.die man/1/"	"https://linux.die.net/man/1/"
62	"Yahoo.co.jp"	"https://www.yahoo.co.jp/"
82	"Duckduckgo"	"https://duckduckgo.com"
84	"Bing"	"https://www.bing.com/"
95	"Qwant"	"https://www.qwant.com/"
108	"Ebay"	"https://www.ebay.com/"
119	"Searchdesk"	"https://www.searchdesk.com/"
124	"Ja.wiktionary wiki/Wiktionary:%E3%83%A1%E3%82%A4%E3%83%B3%E3%83%9A%E3%83%BC%E3%82%B8"	"https://ja.wiktionary.org/wiki/Wiktionary:%E3%83%A1%E3%82%A4%E3%83%B3%E3%83%9A%E3%83%BC%E3%82%B8"
126	"Google.co.jp imghp?hl=ja"	"https://www.google.co.jp/imghp?hl=ja"
135	"Ecosia"	"https://www.ecosia.org/"
153	"Google.co.jp ?hl=ja"	"https://www.google.co.jp/?hl=ja"
111	"Docker"	"https://www.docker.com/"
112	"Mail.google mail/u/0/#inbox"	"https://mail.google.com/mail/u/0/#inbox"
122	"Json json-en.html"	"https://www.json.org/json-en.html"
123	"Xml pub/a/2006/05/31/converting-between-xml-and-json.html"	"https://www.xml.com/pub/a/2006/05/31/converting-between-xml-and-json.html"
160	"Json-schema"	"https://json-schema.org/"
161	"Javaee.github.io jaxb-v2/"	"https://javaee.github.io/jaxb-v2/"
162	"Xmlfiles examples/"	"https://www.xmlfiles.com/examples/"
168	"Html-tidy"	"http://www.html-tidy.org/"
133	"Webflow"	"https://webflow.com/"
185	"W3 Style/Examples/007/center.ja.html"	"https://www.w3.org/Style/Examples/007/center.ja.html"
194	"W3c.github.io webappsec-csp/#directive-script-src-elem"	"https://w3c.github.io/webappsec-csp/#directive-script-src-elem"
195	"W3"	"https://www.w3.org/"
197	"Drafts.csswg"	"https://drafts.csswg.org/"
198	"Dashboard.heroku apps"	"https://dashboard.heroku.com/apps"
202	"Ec.haxx.se"	"https://ec.haxx.se/"
147	"Otx.alienvault"	"https://otx.alienvault.com/"
148	"Aguse.jp"	"https://www.aguse.jp/"
149	"Virustotal gui/home/url"	"https://www.virustotal.com/gui/home/url"
191	"Owasp www-community/xss-filter-evasion-cheatsheet"	"https://owasp.org/www-community/xss-filter-evasion-cheatsheet"
183	"Brain.elyza.ai"	"https://brain.elyza.ai/"
